resid,residue,WT,1M
6,LYS,3.61,3.83
7,LEU,0.24,0.45
8,ASN,0.57,0.61
9,ILE,0.03,0.08
10,ASP,0.28,0.23
11,SER,0.08,0.01
12,ILE,0.03,0
13,ILE,0.01,0
14,GLN,0.19,0.2
15,ARG,0.73,0.83
16,LEU,0,0
17,LEU,0.07,0.2
18,GLU,1.19,1.35
19,VAL,0.4,0.36
20,ARG,0.8,1.12
21,GLY,0.09,0.21
22,SER,0.3,0.2
23,LYS,1.69,1.05
24,PRO,0.39,0.37
25,GLY,0.09,0.09
26,LYS,0.78,0.91
27,ASN,0.28,0.44
28,VAL,0.33,0.29
29,GLN,0.59,0.51
30,LEU,0.08,0.05
31,GLN,0.31,0.23
32,GLU,0.38,0.42
33,ASN,0.41,0.26
34,GLU,0.28,0.1
35,ILE,0.13,0.11
36,ARG(me),0.49,1.12
37,GLY,0.01,0.02
38,LEU,0.12,0.01
39,CYS,0,0.17
40,LEU,0.2,0.46
41,LYS,0.97,1.63
42,SER,0,0.03
43,ARG,0.35,0.45
44,GLU,1.12,1.48
45,ILE,0.12,0.36
46,PHE,0.01,0.13
47,LEU,0.17,0.12
48,SER,0.19,0.11
49,GLN,0.57,0.22
50,PRO,0.76,0.36
51,ILE,0.09,0.03
52,LEU,0.11,0.01
53,LEU,0.02,0.02
54,GLU,1.52,1.88
55,LEU,0.01,0.02
56,GLU,1.63,2.28
57,ALA,0.1,0.06
58,PRO,0.59,0.29
59,LEU,0.01,0.01
60,LYS,0.13,0.1
61,ILE,0,0.03
62,CYS,0.03,0.06
63,GLY,0,0.09
64,ASP,0.03,0.03
65,ILE,0.11,0
66,HSD,0.26,0.24
67,GLY,0.02,0
68,GLN,0.58,0.03
69,TYR,0.03,0.02
70,TYR,0.26,0.24
71,ASP,0.41,0.13
72,LEU,0.03,0
73,LEU,0.02,0.1
74,ARG,0.46,0.8
75,LEU,0.13,0.01
76,PHE,0,0.03
77,GLU,1.19,1.22
78,TYR,0.19,0.1
79,GLY,0,0
80,GLY,0.01,0.04
81,PHE,0.5,0.91
82,PRO,0.02,0.08
83,PRO,0.21,0.36
84,GLU,1.62,1.71
85,SER,0.02,0.03
86,ASN,0.11,0.08
87,TYR,0.03,0.03
88,LEU,0.13,0.03
89,PHE,0.02,0.01
90,LEU,0,0.03
91,GLY,0,0
92,ASP,0.03,0.03
93,TYR,0.08,0.03
94,VAL,0,0.03
95,ASP,0.12,0.15
96,ARG,1.24,1.5
97,GLY,0.36,0.08
98,LYS,1.42,1.96
99,GLN,0.39,0.1
100,SER,0.03,0.03
101,LEU,0.01,0.02
102,GLU,0.11,0.12
103,THR,0.01,0
104,ILE,0.09,0.03
105,CYS,0,0.03
106,LEU,0,0.01
107,LEU,0.03,0
108,LEU,0.03,0.06
109,ALA,0,0
110,TYR,0.01,0.1
111,LYS,0.07,0.23
112,ILE,0.03,0.09
113,LYS,0.88,0.58
114,TYR,0.29,0.13
115,PRO,0.55,0.53
116,GLU,2.48,2.27
117,ASN,0.14,0.46
118,PHE,0,0.03
119,PHE,0.17,0.18
120,LEU,0.12,0.06
121,LEU,0.13,0
122,ARG,0.24,0.15
123,GLY,0.01,0.01
124,ASN,0.54,0.24
125,HSD,0.1,0.32
126,GLU,0.01,0
127,CYS,0.12,0.1
128,ALA,0.08,0.26
129,SER,0.29,0.46
130,ILE,0.18,0.15
131,ASN,0.03,0.01
132,ARG,1.07,1.26
133,ILE,0.2,0.46
134,TYR,0.81,0.98
135,GLY,0.09,0.06
136,PHE,0.05,0.01
137,TYR,0.31,0.45
138,ASP,0.7,0.7
139,GLU,0.18,0.11
140,CYS,0,0
141,LYS,0.72,1.08
142,ARG,1.16,1.03
143,ARG,0.7,0.4
144,TYR,0.39,0.11
145,ASN,0.14,0.1
146,ILE,0.03,0.2
147,LYS,0.78,0.94
148,LEU,0.01,0.03
149,TRP,0.03,0.19
150,LYS,0.79,1.48
151,THR,0.02,0.12
152,PHE,0.11,0.04
153,THR,0.02,0.17
154,ASP,0.3,1.05
155,CYS,0,0.05
156,PHE,0.01,0.03
157,ASN,0.17,0.2
158,CYS,0,0
159,LEU,0.08,0.08
160,PRO,0.04,0.03
161,ILE,0.13,0.01
162,ALA,0.04,0
163,ALA,0.13,0.03
164,ILE,0.1,0.09
165,VAL,0,0.04
166,ASP,0.74,0.58
167,GLU,2.21,2.43
168,LYS,0.57,0.3
169,ILE,0,0.03
170,PHE,0.3,0.13
171,CYS,0.16,0.03
172,CYS,0.25,0
173,HSD,0.35,0.03
174,GLY,0.15,0
175,GLY,0.13,0.06
176,LEU,0.13,0.4
177,SER,0.34,0.03
178,PRO,0.44,0.23
179,ASP,1.13,0.72
180,LEU,0.03,0.08
181,GLN,0.58,0.14
182,SER,0.12,0.09
183,MET,0.04,0.06
184,GLU,0.69,1.08
185,GLN,0.12,0.04
186,ILE,0,0.03
187,ARG,1.35,1.09
188,ARG,0.74,0.83
189,ILE,0.09,0.24
190,MET,0.23,0.16
191,ARG,0.43,0.21
192,PRO,0.51,0.23
193,THR,0.13,0.18
194,ASP,1.21,1.18
195,VAL,0.55,0.2
196,PRO,0.3,0.72
197,ASP,1.26,0.71
198,GLN,1.3,1.17
199,GLY,0.18,0.4
200,LEU,0.17,0.33
201,LEU,0.04,0.04
202,CYS,0.16,0
203,ASP,0.35,0.14
204,LEU,0.13,0.01
205,LEU,0.44,0.07
206,TRP,1.05,0.19
207,SER,0.34,0.03
208,ASP,0.38,0.17
209,PRO,0.09,0.12
210,ASP,0.44,1.08
211,LYS,2.43,4.11
212,ASP,1.59,1.25
213,VAL,0.41,0.39
214,LEU,0.51,0.25
215,GLY,0.04,0.06
216,TRP,0.41,0.17
217,GLY,0.04,0.04
218,GLU,1.53,1.43
219,ASN,0.37,0.26
220,ASP,1.42,1.33
221,ARG,1.43,0.51
222,GLY,0.07,0.16
223,VAL,0.45,0.14
224,SER,0.75,0.17
225,PHE,0.86,0.16
226,THR,0.1,0.4
227,PHE,0.08,0.16
228,GLY,0,0.17
229,ALA,0.18,0.28
230,GLU,0.8,0.4
231,VAL,0,0.03
232,VAL,0,0.04
233,ALA,0.06,0.04
234,LYS,1.21,0.58
235,PHE,0.01,0.12
236,LEU,0,0.02
237,HSD,0.75,0.38
238,LYS,1.76,0.23
239,HSD,0.56,0.2
240,ASP,1.6,0.85
241,LEU,0.02,0.05
242,ASP,0.41,0.39
243,LEU,0.02,0.06
244,ILE,0.15,0.13
245,CYS,0.1,0.03
246,ARG,0.65,0.03
247,ALA,0.03,0
248,HSD,0.83,1.26
249,GLN,0.88,0.69
250,VAL,0.1,0.07
251,VAL,0.02,0.07
252,GLU,1.18,1.52
253,ASP,1.04,1.19
254,GLY,0,0
255,TYR,0.34,0.16
256,GLU,0.86,1.29
257,PHE,0.41,0.62
258,PHE,0.21,0.43
259,ALA,0.06,0.05
260,LYS,0.97,1.89
261,ARG,1,1.19
262,GLN,0.01,0.41
263,LEU,0,0.05
264,VAL,0.14,0
265,THR,0.11,0.01
266,LEU,0.29,0.1
267,PHE,0.07,0.03
268,SER,0.12,0.03
269,ALA,0.03,0.03
270,PRO,0.03,0
271,ASN,0.16,0.35
272,TYR,0.32,0.16
273,CYS,0.32,0.29
274,GLY,0.13,0.15
275,GLU,1.03,1.85
276,PHE,0.09,0.11
277,ASP,1.02,1.6
278,ASN,0.01,0.1
279,ALA,0.01,0.03
280,GLY,0.01,0.04
281,ALA,0.03,0.01
282,MET,0.04,0
283,MET,0.05,0.02
284,SER,0.05,0.05
285,VAL,0,0.06
286,ASP,0.13,0.29
287,GLU,1.62,1.11
288,THR,0.21,0.16
289,LEU,0.24,0.05
290,MET,0.12,0.19
291,CYS,0.07,0.2
292,SER,0.09,0.09
293,PHE,0.2,0.01
294,GLN,0.13,0.03
295,ILE,0.06,0.05
296,LEU,0.18,0.02
297,LYS,1.04,1.01
298,PRO,0.25,0.12
299,ALA,1.36,1.56
