resid,residue,WT,ME
20,TYR,0.8,1.18
21,VAL,0.12,0.03
22,GLU,0.13,0.58
23,ILE,0.28,0.09
24,ILE,0.16,0.2
25,GLU,0.53,0.76
26,GLN,0.32,0.33
27,PRO,0.07,0.01
28,LYS,0.99,0.17
29,GLN,0.26,0.62
30,ARG,1.06,0.87
31,GLY,0.23,0.22
32,MET,0.32,0.24
33,ARG,2.05,1.14
34,PHE,0.48,0.07
35,ARG,1.91,1.33
36,TYR,0.63,0.76
37,LYS,1.14,2.73
38,CYS,0.09,0.23
39,GLU,0.34,0.94
40,GLY,0.11,0.3
41,ARG,1.39,1.35
42,SER,0.38,0.44
43,ALA,0.09,0.14
44,GLY,0.15,0.13
45,SER,0.1,0.2
46,ILE,0.49,0.05
47,PRO,0.15,0.04
48,GLY,0,0
49,GLU,0.56,1.07
50,ARG,0.8,1.19
51,SER,0.08,0.06
52,THR,0.46,0.3
53,ASP,1.52,1.56
54,THR,0.11,0.11
55,THR,0.21,0.07
56,LYS,1.49,1.14
57,THR,0.16,0.16
58,HSD,0.14,0.44
59,PRO,0.22,0.04
60,THR,0.1,0
61,ILE,0.01,0
62,LYS,0.31,0.52
63,ILE,0.1,0.02
64,ASN,0.14,0.51
65,GLY,0.14,0.15
66,TYR,0.21,0.09
67,THR,0.22,0.15
68,GLY,0.09,0.01
69,PRO,0.48,0.07
70,GLY,0.05,0.02
71,THR,0.25,0.22
72,VAL,0,0
73,ARG,0.02,0.17
74,ILE,0.01,0
75,SER,0.01,0.2
76,LEU,0.13,0.28
77,VAL,0,0.24
78,THR,0.03,0.1
79,LYS,0.62,0.75
80,ASP,0.45,0.44
81,PRO,0.14,0.11
82,PRO,0.13,0.15
83,HSD,0.03,0.09
84,ARG,0.34,0.25
85,PRO,0.01,0.28
86,HSD,0.12,0.27
87,PRO,0.01,0
88,HSD,0.26,0.24
89,GLU,0.49,0.5
90,LEU,0.1,0.14
91,VAL,0.12,0.16
92,GLY,0.03,0.09
93,LYS,0.77,1.03
94,ASP,0.42,0.37
95,CYS,0.01,0.22
96,ARG,0.84,1.14
97,ASP,1.54,0.96
98,GLY,0.11,0.08
99,PHE,0.12,0.11
100,TYR,0.05,0.18
101,GLU,0.29,0.36
102,ALA,0.05,0
103,GLU,1.53,1.53
104,LEU,0.27,0.05
105,CYS,0.09,0.22
106,PRO,0.39,0.21
107,ASP,1.22,0.8
108,ARG,1.18,1.15
109,CYS,0.29,0.2
110,ILE,0.14,0.06
111,HSD,0.1,0.13
112,SER,0.2,0.15
113,PHE,0.38,0.12
114,GLN,0.51,0.4
115,ASN,0.21,0.22
116,LEU,0.34,0.25
117,GLY,0.01,0
118,ILE,0.39,0
119,GLN,0.38,0.21
120,CYS,0.07,0.02
121,VAL,0.24,0.25
122,LYS,1.08,1.01
123,LYS,1.93,1.63
124,ARG,1.82,1.85
125,ASP,0.29,0.19
126,LEU,0.12,0.06
127,GLU,0.54,1.34
128,GLN,0.22,0.29
129,ALA,0.02,0.02
130,ILE,0.02,0.05
131,SER,0.03,0.06
132,GLN,0.3,0.26
133,ARG,0.13,0.9
134,ILE,0.1,0.14
135,GLN,0.11,0.16
136,THR,0.09,0.13
137,ASN,0.44,0.18
138,ASN,0,0.04
139,ASN,0.33,0.3
140,PRO,0.13,0.18
141,PHE,0.19,0.47
142,GLN,1.2,0.35
143,VAL,0.41,0.35
144,PRO,0.37,0.12
145,ILE,0.28,0.15
146,GLU,1.27,1.39
147,GLU,1.02,0.82
148,GLN,0.31,0.02
149,ARG,0.89,0.96
150,GLY,0.11,0.03
151,ASP,0.91,1.19
152,TYR,0.22,0.15
153,ASP,0.44,0.96
154,LEU,0.9,0.54
155,ASN,0.31,0.45
156,ALA,0.02,0.29
157,VAL,0.08,0.13
158,ARG,0.21,0.53
159,LEU,0.18,0.13
160,CYS,0,0.17
161,PHE,0.03,0
162,GLN,0.24,0.13
163,VAL,0.07,0.03
164,THR,0.09,0.07
165,VAL,0.04,0
166,ARG,0.61,0.54
167,ASP,0.08,0.16
168,PRO,0.09,0.14
169,SER,0.02,0.17
170,GLY,0.02,0.06
171,ARG,0.47,0.82
172,PRO,0.18,0.21
173,LEU,0.13,0.36
174,ARG,1.19,1.05
175,LEU,0.61,0.15
176,PRO,0.2,0.32
177,PRO,0.11,0.13
178,VAL,0.2,0.05
179,LEU,0.05,0.31
180,PRO,0.03,0
181,HSD,0.31,0.17
182,PRO,0.08,0.12
183,ILE,0.3,0.06
184,PHE,0.25,0.12
185,ASP,0.51,0.02
186,ASN,0.68,0.36
187,ARG,2.22,1.05
188,ALA,0.24,0.01
189,PRO,0.48,0.13
190,ASN,0.82,0.29
191,THR,0.29,0.14
192,ALA,0.57,0.19
193,GLU,1.47,0.94
194,LEU,0.26,0.35
195,LYS,1.67,0.83
196,ILE,0.11,0.13
197,CYS,0.1,0.4
198,ARG,0.5,1.04
199,VAL,0.08,0.04
200,ASN,0.23,0.49
201,ARG,0.67,0.74
202,ASN,0.19,0.31
203,SER,0.07,0.06
204,GLY,0.11,0.12
205,SER,0.33,0.62
206,CYS,0,0
207,LEU,0.12,0.31
208,GLY,0.11,0.12
209,GLY,0.13,0.02
210,ASP,0.67,0.35
211,GLU,1.35,1.25
212,ILE,0,0.02
213,PHE,0.23,0.24
214,LEU,0.13,0.03
215,LEU,0.06,0.11
216,CYS,0.06,0.06
217,ASP,0.95,0.68
218,LYS,2.45,0.79
219,VAL,0.26,0.03
220,GLN,0.78,0.46
221,LYS,0.71,1.34
222,GLU,0.43,0.24
223,ASP,0.39,0.07
224,ILE,0.04,0.02
225,GLU,0.09,0.15
226,VAL,0.07,0.02
227,TYR,0.27,0.1
228,PHE,0,0.04
229,THR,0.12,0.11
230,GLY,0.03,0.03
231,PRO,0.04,0.1
232,GLY,0.05,0.03
233,TRP,0.15,0.24
234,GLU,0.98,1.01
235,ALA,0.05,0.19
236,ARG,1.09,0.55
237,GLY,0.01,0.07
238,SER,0.17,0.05
239,PHE,0.31,0.32
240,SER,0.29,0.14
241,GLN,0.43,0.23
242,ALA,0.17,0.13
243,ASP,0.24,0.36
244,VAL,0.03,0.14
245,HSD,0.18,0.32
246,ARG,0.54,0.77
247,GLN,0.48,0.35
248,VAL,0.07,0.07
249,ALA,0,0
250,ILE,0.03,0.03
251,VAL,0.25,0.29
252,PHE,0.03,0.01
253,ARG,1.16,0.39
254,THR,0.07,0.06
255,PRO,0.03,0.01
256,PRO,0.27,0.12
257,TYR,0.23,0.04
258,ALA,0.03,0.05
259,ASP,0.26,0.31
260,PRO,0.07,0.1
261,SER,0.24,0.29
262,LEU,0.11,0.19
263,GLN,0.48,0.44
264,ALA,0.08,0.04
265,PRO,0.09,0.09
266,VAL,0.14,0.06
267,ARG,0.47,0.67
268,VAL,0.05,0
269,SER,0.01,0.05
270,MET,0.18,0
271,GLN,0.13,0
272,LEU,0.01,0
273,ARG,0.21,0.48
274,ARG,0.45,0.22
275,PRO,0.18,0.3
276,SER,0.6,0.25
277,ASP,0.34,0.61
278,ARG,1.63,2.54
279,GLU,0.83,0.43
280,LEU,0.46,0.23
281,SER,0,0
282,GLU,1.24,1.31
283,PRO,0.12,0.14
284,MET,0.21,0.16
285,GLU,0.25,0.17
286,PHE,0,0
287,GLN,0.03,0.06
288,TYR,0.03,0.03
289,LEU,0.23,0.27
290,PRO,0.12,0.26
291,ASP,0.76,1.13
292,THR,0.71,0.73
293,ASP,1.28,0.14
294,ASP,1.19,0.66
295,ARG,1.74,0.46
296,HSD,0.78,0.3
297,ARG,1.27,1.94
298,ILE,0.17,0.11
299,GLU,0.7,1.4
300,GLU,0.89,0.75
301,LYS,0.62,1.2
302,ARG,0.67,0.64
303,LYS,1.32,1.03
304,ARG,1.42,1.38
305,THR,0.02,0.04
306,TYR,0.17,0.17
307,GLU,1.05,1.04
308,THR,0.07,0.07
309,PHE,0.02,0.01
310,LYS(me),0.77,0.9
311,SER,0.08,0.1
312,ILE,0.09,0.14
313,MET,0.24,0.44
314,LYS,3.08,2.9
