resid,,WT,PH
1,SER,0.58,0.38
2,THR,0.66,0.26
3,GLU,1.06,0.78
4,TYR,0.03,0.15
5,LYS,0.47,0.92
6,LEU,0,0.05
7,VAL,0,0.05
8,VAL,0.01,0.03
9,VAL,0.06,0
10,GLY,0.13,0.03
11,ALA,0.33,0.12
12,ASP,0.8,1.44
13,GLY,0.24,0.6
14,VAL,0.28,0.1
15,GLY,0.22,0.22
16,LYS,0.44,0.29
17,SER,0.44,0.54
18,ALA,0.04,0.03
19,LEU,0.04,0.02
20,THR,0.01,0.04
21,ILE,0.1,0.05
22,GLN,0.03,0
23,LEU,0.1,0.01
24,ILE,0.46,0.39
25,GLN,0.2,0.38
26,ASN,0.13,0.15
27,HSD,0.19,0.49
28,PHE,0.67,0.87
29,VAL,0.6,0.44
30,ASP,1.73,1.43
31,GLU,1.56,1.62
32,TYR(ph),1.71,4.47
33,ASP,0.89,1.62
34,PRO,0.37,0.48
35,THR,0.26,0.78
36,ILE,0.29,0.2
37,GLU,1.63,0.92
38,ASP,0.64,0.44
39,SER,0.37,0.39
40,TYR,0.46,0.65
41,ARG,1.15,1.54
42,LYS,0.94,0.79
43,GLN,0.31,0.24
44,VAL,0.03,0.05
45,VAL,0.12,0.06
46,ILE,0.02,0
47,ASP,0.37,0.43
48,GLY,0.05,0.09
49,GLU,0.51,0.22
50,THR,0.16,0.02
51,CYS,0.01,0
52,LEU,0.09,0.2
53,LEU,0.03,0.03
54,ASP,0.06,0.32
55,ILE,0.03,0.03
56,LEU,0.04,0.07
57,ASP,0.03,0.06
58,THR,0.13,0
59,ALA,0.13,0.03
60,GLY,0.21,0.12
61,GLN,0.37,0.75
62,GLU,0.99,1.6
63,GLU,1.42,1.18
64,TYR,0.23,0.43
65,SER,0.41,0.37
66,ALA,0.1,0.13
67,MET,0.03,0.23
68,ARG,0.96,0.62
69,ASP,0.5,0.59
70,GLN,0.27,0.53
71,TYR,0.48,0.03
72,MET,0,0
73,ARG,0.96,1.22
74,THR,0.4,0.17
75,GLY,0,0.03
76,GLU,0.77,0.53
77,GLY,0,0.03
78,PHE,0,0.03
79,LEU,0,0
80,CYS,0.02,0.04
81,VAL,0.07,0
82,PHE,0.04,0
83,ALA,0.05,0
84,ILE,0,0
85,ASN,0.28,0.2
86,ASN,0.35,0.31
87,THR,0.1,0.21
88,LYS,0.6,1.41
89,SER,0.01,0.04
90,PHE,0.08,0.02
91,GLU,0.97,0.79
92,ASP,0.35,0.28
93,ILE,0.24,0.34
94,HSD,0.52,0.37
95,HSD,0.76,0.62
96,TYR,0.58,0.47
97,ARG,0.78,0.52
98,GLU,0.24,0.27
99,GLN,0.25,0.33
100,ILE,0,0.01
101,LYS,0.58,0.33
102,ARG,1.24,1.6
103,VAL,0.19,0.43
104,LYS,0.36,0.33
105,ASP,1.24,0.88
106,SER,0.27,0.07
107,GLU,2.24,1.75
108,ASP,1.07,0.9
109,VAL,0.05,0.08
110,PRO,0.04,0.08
111,MET,0.13,0.11
112,VAL,0,0
113,LEU,0.02,0
114,VAL,0,0
115,GLY,0,0
116,ASN,0.19,0
117,LYS,0.93,0.94
118,CYS,0.24,0.05
119,ASP,0.16,0.28
120,LEU,0.26,0.18
121,PRO,0.16,0.11
122,SER,0.09,0.08
123,ARG,0.34,0.39
124,THR,0.08,0.07
125,VAL,0.01,0.01
126,ASP,0.35,0.4
127,THR,0.29,0.4
128,LYS,0.7,0.74
129,GLN,0.13,0.23
130,ALA,0,0
131,GLN,0.31,0.08
132,ASP,0.15,0.16
133,LEU,0.13,0.09
134,ALA,0.01,0
135,ARG,0.68,0.66
136,SER,0.08,0.26
137,TYR,0.33,0.4
138,GLY,0.1,0.02
139,ILE,0.36,0.26
140,PRO,0.1,0.14
141,PHE,0.2,0.03
142,ILE,0.08,0.04
143,GLU,1.03,0.29
144,THR,0,0
145,SER,0.01,0.02
146,ALA,0.04,0
147,LYS,0.63,0.87
148,THR,0.09,0.03
149,ARG,0.46,0.33
150,GLN,0.13,0.09
151,GLY,0.06,0.08
152,VAL,0,0
153,ASP,0.12,0.32
154,ASP,0.92,0.57
155,ALA,0,0
156,PHE,0.01,0
157,TYR,0.31,0.2
158,THR,0.04,0.06
159,LEU,0,0
160,VAL,0,0
161,ARG,0.84,0.78
162,GLU,0.14,0.2
163,ILE,0.05,0.03
164,ARG,0.42,0.23
165,LYS,0.8,1.02
166,HSD,0.26,0.38
167,LYS,1.17,1.29
168,GLU,0.58,0.58
169,LYS,1.26,1.24
170,MET,0.59,0.35
171,SER,0.09,0.05
172,LYS,0.62,0.92
173,ASP,1.01,1.6
174,GLY,0.23,0.21
175,LYS,1.85,3.44
176,LYS,2.24,2.97
177,LYS,2.06,1.27
178,LYS,1.71,0.69
179,LYS,2.4,2.05
180,LYS,1.46,1.49
