resid,residue,WT,PH
1,GLY,0.27,0.57
2,ASP,0.37,0.51
3,VAL,0.17,0.21
4,GLU,1.42,0.96
5,LYS,0.51,0.76
6,GLY,0,0
7,LYS,0.68,0.75
8,LYS,1.05,0.62
9,ILE,0.19,0.05
10,PHE,0.02,0
11,ILE,0.05,0.1
12,MET,0.36,0.24
13,LYS,0.97,0.83
14,CYS,0.08,0.02
15,SER,0.05,0.04
16,GLN,0.3,0.23
17,CYS,0.2,0.08
18,HSD,0.2,0.19
19,THR,0.02,0.22
20,VAL,0.1,0.2
21,GLU,0.94,1.97
22,LYS,1.43,0.92
23,GLY,0.2,0.09
24,GLY,0.11,0
25,LYS,1.65,2.06
26,HSD,0.62,1.11
27,LYS,0.93,1.39
28,THR,0.11,0.17
29,GLY,0.02,0.03
30,PRO,0.09,0.4
31,ASN,0.13,0.16
32,LEU,0.24,0.13
33,HSD,0.22,0.18
34,GLY,0.09,0.08
35,LEU,0.01,0.04
36,PHE,0.06,0.06
37,GLY,0.06,0.04
38,ARG,0.6,1.06
39,LYS,1.09,0.83
40,THR,0.14,0.05
41,GLY,0.12,0.11
42,GLN,0.27,0.29
43,ALA,0.06,0.2
44,PRO,0.29,0.31
45,GLY,0.09,0.07
46,TYR,0.45,0.94
47,SER,0.3,0.15
48,TYR(ph),0.48,1.97
49,THR,0.31,0.13
50,ALA,0.1,0.07
51,ALA,0.07,0.02
52,ASN,0.29,0.1
53,LYS,0.46,1.11
54,ASN,0.17,0.19
55,LYS,0.57,0.61
56,GLY,0.06,0.08
57,ILE,0.15,0
58,ILE,0.06,0.04
59,TRP,0.2,0.03
60,GLY,0.01,0.02
61,GLU,0.64,0.75
62,ASP,0.95,0.79
63,THR,0.03,0.01
64,LEU,0,0
65,MET,0.21,0.2
66,GLU,0.87,0.7
67,TYR,0.07,0.02
68,LEU,0.03,0
69,GLU,1.24,1.69
70,ASN,0.25,0.14
71,PRO,0,0
72,LYS,0.67,1.07
73,LYS,1.68,1.19
74,TYR,0.28,0.15
75,ILE,0.09,0.01
76,PRO,0.17,0.06
77,GLY,0.25,0.06
78,THR,0.11,0.05
79,LYS,1.02,0.89
80,MET,0.2,0.25
81,ILE,0.3,0.25
82,PHE,0.34,0.12
83,VAL,0.21,0.46
84,GLY,0.01,0.06
85,ILE,0.02,0.12
86,LYS,0.51,1.26
87,LYS,1.39,1.34
88,LYS,1.23,1.2
89,GLU,1.04,0.58
90,GLU,0.24,0.72
91,ARG,0.45,0.29
92,ALA,0.03,0.01
93,ASP,0,0.03
94,LEU,0,0
95,ILE,0.03,0.01
96,ALA,0.01,0
97,TYR,0.08,0.04
98,LEU,0,0
99,LYS,0.72,0.55
100,LYS,1.27,0.84
101,ALA,0.03,0.01
102,THR,0.13,0.05
103,ASN,0.83,0.57
104,GLU,3.77,1.64
