,,WT,PH
95,TRP,1.28,1.69
96,ASP,1.58,1.76
97,PHE,0.23,0.15
98,THR,0.55,0.16
99,ALA,0.41,0.12
100,GLU,0.54,0.68
101,ASP,0.98,1.15
102,LEU,0.1,0.09
103,LYS,1.49,1.05
104,ASP,1.06,0.71
105,LEU,0.08,0.1
106,GLY,0.06,0.06
107,GLU,0.91,0.6
108,ILE,0.3,0.17
109,GLY,0.07,0.1
110,ARG,1.02,1.29
111,GLY,0.25,0.18
112,ALA,0.24,0.31
113,TYR,0.7,0.4
114,GLY,0.06,0.19
115,SER,0.04,0.08
116,VAL,0.06,0.09
117,ASN,0.18,0.11
118,LYS,0.6,0.52
119,MET,0,0
120,VAL,0.01,0
121,HSD,0.16,0.17
122,LYS,1.3,1.15
123,PRO,0.14,0.19
124,SER,0.06,0.1
125,GLY,0.02,0.04
126,GLN,0.2,0.16
127,ILE,0.15,0.13
128,MET,0.04,0.05
129,ALA,0,0
130,VAL,0,0
131,LYS,0.43,0.49
132,ARG,0.95,0.69
133,ILE,0.01,0.02
134,ARG,0.86,1.21
135,SER,0.14,0.06
136,THR,0.15,0.9
137,VAL,0.01,0.45
138,ASP,0.42,1.15
139,GLU,1.66,1.58
140,LYS,1.99,1.08
141,GLU,0.45,2.07
142,GLN,0.22,0.15
143,LYS,1.05,0.37
144,GLN,0.47,0.34
145,LEU,0.06,0.02
146,LEU,0.18,0.09
147,MET,0.33,0.19
148,ASP,0.56,0.67
149,LEU,0.06,0.02
150,ASP,0.46,0.45
151,VAL,0.17,0.41
152,VAL,0.01,0.02
153,MET,0.17,0.15
154,ARG,1.13,0.91
155,SER,0.55,0.34
156,SER,0.25,0.5
157,ASP,0.79,1.55
158,CYS,0,0.03
159,PRO,0.09,0.14
160,TYR,0.3,0.18
161,ILE,0,0.16
162,VAL,0,0.01
163,GLN,0.37,0.37
164,PHE,0.11,0.15
165,TYR,0.52,0.36
166,GLY,0.03,0.01
167,ALA,0.1,0.02
168,LEU,0.23,0.13
169,PHE,0.5,0.16
170,ARG,0.99,0.56
171,GLU,2.21,2.28
172,GLY,0.12,0.12
173,ASP,0.26,0.29
174,CYS,0.04,0
175,TRP,0.26,0.03
176,ILE,0.1,0
177,CYS,0,0
178,MET,0,0.05
179,GLU,0.26,0.16
180,LEU,0.46,0.37
181,MET,0.02,0.08
182,SER,0.2,0.24
183,THR,0.09,0.15
184,SER,0.04,0.08
185,PHE,0.01,0.03
186,ASP,0.5,0.05
187,LYS,1.44,0.82
188,PHE,0,0.02
189,TYR,0.12,0.17
190,LYS,1.13,0.28
191,TYR,0.04,0.02
192,VAL,0,0.02
193,TYR,0.45,0.3
194,SER,0.4,0.14
195,VAL,0.1,0.07
196,LEU,0.11,0.09
197,ASP,0.92,1.35
198,ASP,1.07,1.13
199,VAL,0.56,0.3
200,ILE,0.01,0
201,PRO,0.42,0.1
202,GLU,0.24,0.58
203,GLU,0.5,0.46
204,ILE,0.01,0.01
205,LEU,0.06,0
206,GLY,0,0
207,LYS,0.5,0.24
208,ILE,0.13,0.07
209,THR,0,0
210,LEU,0.02,0
211,ALA,0.06,0
212,THR,0.19,0.01
213,VAL,0.09,0.03
214,LYS,0.6,0.34
215,ALA,0,0
216,LEU,0.26,0
217,ASN,0.09,0.05
218,HSD,0.16,0.13
219,LEU,0,0.03
220,LYS,0.91,0.71
221,GLU,0.79,0.67
222,ASN,0.44,0.3
223,LEU,0.02,0.02
224,LYS,1.41,1.86
225,ILE,0.06,0.3
226,ILE,0.45,0.68
227,HSD,0.2,0.17
228,ARG,1.81,1.66
229,ASP,1.13,1.66
230,ILE,0.34,0.01
231,LYS,1.48,0.96
232,PRO,0.11,0.07
233,SER,0.08,0.13
234,ASN,0.17,0.15
235,ILE,0.27,0.03
236,LEU,0.07,0.03
237,LEU,0.02,0
238,ASP,0.32,0.26
239,ARG,0.93,1.08
240,SER,0.26,0.15
241,GLY,0.09,0.05
242,ASN,0.63,0.45
243,ILE,0.32,0.09
244,LYS,0.46,0.25
245,LEU,0.34,0.01
246,CYS,0.01,0.04
247,ASP,0.22,0.58
248,PHE,0.02,0.28
249,GLY,0.03,0.04
250,ILE,0.19,0.01
251,SER,0.07,0.02
252,GLY,0.17,0.06
253,GLN,0.39,0.4
254,LEU,0.09,0
255,VAL,0.25,0.01
256,ASP,1.04,0.33
257,SER(ph),0.14,2.76
258,ILE,0.01,0.03
259,ALA,0.21,0.11
260,LYS,1.48,2.34
261,THR(ph),0.09,2.67
262,ARG,0.6,1.34
263,ASP,0.8,0.71
264,ALA,0.12,0.25
265,GLY,0.01,0.27
266,CYS,0.01,0.03
267,ARG,0.86,0.71
268,PRO,0.17,0.06
269,TYR,0.17,0.31
270,MET,0.1,0.17
271,ALA,0.25,0.11
272,PRO,0.4,0.21
273,GLU,1.27,1.91
274,ARG,0.82,1.37
275,ILE,0.59,0.13
276,ASP,1.39,0.69
277,PRO,0.53,0.21
278,SER,0.78,0.9
279,ALA,0.33,0.17
280,SER,0.58,0.35
281,ARG,2.83,2.01
282,GLN,0.62,0.75
283,GLY,0.2,0.06
284,TYR,1.27,1.31
285,ASP,0.49,0.6
286,VAL,0.23,0.04
287,ARG,0.63,1.45
288,SER,0.05,0.16
289,ASP,0.13,0.03
290,VAL,0.02,0
291,TRP,0.14,0.09
292,SER,0.23,0.15
293,LEU,0.06,0
294,GLY,0,0
295,ILE,0.13,0.09
296,THR,0.13,0.08
297,LEU,0.2,0
298,TYR,0.36,0.14
299,GLU,0.6,0.37
300,LEU,0.18,0.02
301,ALA,0.17,0.02
302,THR,0.18,0.19
303,GLY,0.06,0.05
304,ARG,2.74,1.74
305,PHE,1.31,0.76
306,PRO,0.48,0.03
307,TYR,1.01,0.31
308,PRO,0.28,0.04
309,LYS,1.27,1.59
310,TRP,0.22,0.5
311,ASN,0.26,0.24
312,SER,0.15,0.14
313,VAL,0.06,0.1
314,PHE,0.27,0.1
315,ASP,0.44,0.38
316,GLN,0.16,0.19
317,LEU,0.21,0.12
318,THR,0.42,0.41
319,GLN,0.89,0.67
320,VAL,0.29,0.07
321,VAL,0.11,0.02
322,LYS,0.79,0.56
323,GLY,0.03,0.14
324,ASP,1.14,1.45
325,PRO,0.24,0.2
326,PRO,0.09,0.16
327,GLN,0.39,0.34
328,LEU,0.07,0.05
329,SER,0.24,0.21
330,ASN,0.54,0.45
331,SER,0.18,0.37
332,GLU,1.88,1.9
333,GLU,1.75,0.47
334,ARG,0.43,0.23
335,GLU,1.17,1.21
336,PHE,0.23,0.07
337,SER,0.27,0.23
338,PRO,0.23,0.04
339,SER,0.09,0.06
340,PHE,0.11,0.02
341,ILE,0.03,0.04
342,ASN,0.08,0.05
343,PHE,0.05,0.03
344,VAL,0.03,0.01
345,ASN,0.06,0.14
346,LEU,0.11,0.04
347,CYS,0,0
348,LEU,0,0.02
349,THR,0.14,0.16
350,LYS,0.63,0.7
351,ASP,0.45,0.3
352,GLU,0.47,1.68
353,SER,0.21,0.51
354,LYS,0.43,1.38
355,ARG,0.17,0.29
356,PRO,0.04,0.1
357,LYS,0.89,1.27
358,TYR,0.44,0.03
359,LYS,1.02,1.34
360,GLU,0.35,1.24
361,LEU,0.04,0.01
362,LEU,0.18,0.21
363,LYS,1.08,0.99
364,HSD,0.07,0.11
365,PRO,0.11,0.06
366,PHE,0.03,0.12
367,ILE,0.03,0.05
368,LEU,0.44,0.28
369,MET,0.08,0.15
370,TYR,0.1,0.04
371,GLU,0.96,0.78
372,GLU,1.54,1.36
373,ARG,0.71,0.88
374,ALA,0.32,0.23
375,VAL,0.2,0.18
376,GLU,1.14,1.32
377,VAL,0.05,0.03
378,ALA,0.11,0.03
379,CYS,0.15,0.12
380,TYR,0.26,0.23
381,VAL,0.03,0.02
382,CYS,0.01,0.05
383,LYS,0.77,0.94
384,ILE,0.01,0.06
385,LEU,0.05,0.11
386,ASP,0.6,0.75
387,GLN,0.11,0.14
388,MET,0.44,0.2
389,PRO,1.17,1.48
