,,WT,AC
1,MET,0.65,0.51
2,ARG,0.39,0.65
3,ILE,0,0
4,ILE,0.02,0.01
5,LEU,0.1,0.16
6,LEU,0.05,0.16
7,GLY,0.03,0.03
8,ALA,0.13,0.12
9,PRO,0.18,0.41
10,GLY,0.18,0.06
11,ALA,0.02,0.03
12,GLY,0.15,0.09
13,LYS,0.36,0.66
14,GLY,0.08,0.03
15,THR,0.17,0.31
16,GLN,0.01,0.09
17,ALA,0.01,0.01
18,GLN,0.46,0.16
19,PHE,0.11,0.18
20,ILE,0,0
21,MET,0.21,0.19
22,GLU,1.11,1.12
23,LYS,0.57,0.6
24,TYR,0.29,0.37
25,GLY,0.08,0.06
26,ILE,0.09,0.05
27,PRO,0.1,0.07
28,GLN,0.37,0.54
29,ILE,0.04,0.06
30,SER,0.42,0.11
31,THR,0.03,0.03
32,GLY,0.04,0.12
33,ASP,0.82,0.43
34,MET,0.1,0.03
35,LEU,0,0
36,ARG,1.47,0.79
37,ALA,0.2,0.03
38,ALA,0.02,0
39,VAL,0.09,0.09
40,LYS,1.41,1.42
41,SER,0.11,0.1
42,GLY,0.03,0.09
43,SER,0.11,0.1
44,GLU,1.5,1.66
45,LEU,0.19,0.17
46,GLY,0,0
47,LYS,0.73,0.6
48,GLN,0.42,0.23
49,ALA,0,0
50,LYS,0.78,0.71
51,ASP,0.64,0.33
52,ILE,0.02,0.03
53,MET,0.26,0.12
54,ASP,0.73,0.71
55,ALA,0.08,0.09
56,GLY,0.26,0.21
57,LYS,0.92,1.31
58,LEU,1.04,1.24
59,VAL,0.16,0.11
60,THR,0.37,0.25
61,ASP,0.49,0.69
62,GLU,1.27,1.43
63,LEU,0.04,0.05
64,VAL,0.02,0.12
65,ILE,0.02,0.07
66,ALA,0.08,0.05
67,LEU,0.06,0
68,VAL,0,0
69,LYS,0.55,0.49
70,GLU,0.91,0.6
71,ARG,0.59,0.36
72,ILE,0.1,0.05
73,ALA,0.06,0.03
74,GLN,0.33,0.31
75,GLU,1.12,1.44
76,ASP,0.41,0.19
77,CYS,0,0
78,ARG,1.33,0.8
79,ASN,0.53,0.33
80,GLY,0,0
81,PHE,0.04,0
82,LEU,0.04,0
83,LEU,0,0
84,ASP,0.3,0.03
85,GLY,0.18,0.08
86,PHE,0.05,0.04
87,PRO,0.01,0.01
88,ARG,0.6,1
89,THR,0.07,0.03
90,ILE,0.07,0.06
91,PRO,0.16,0.22
92,GLN,0.13,0.22
93,ALA,0.01,0
94,ASP,0.36,0.76
95,ALA,0.04,0.12
96,MET,0.02,0.01
97,LYS,0.97,0.41
98,GLU,1.49,1.74
99,ALA,0.08,0.05
100,GLY,0.04,0.06
101,ILE,0.06,0.05
102,ASN,0.68,0.66
103,VAL,0.06,0.11
104,ASP,0.45,0.4
105,TYR,0.24,0.06
106,VAL,0,0
107,LEU,0,0.04
108,GLU,0.11,0.03
109,PHE,0.1,0.1
110,ASP,0.59,0.38
111,VAL,0.09,0.09
112,PRO,0.17,0.17
113,ASP,1.35,0.88
114,GLU,1.21,0.92
115,LEU,0.35,0.07
116,ILE,0.06,0.03
117,VAL,0.25,0.11
118,ASP,1.02,0.47
119,ARG,1.24,0.65
120,ILE,0.14,0.16
121,VAL,0.37,0.72
122,GLY,0.15,0.07
123,ARG,1.53,0.35
124,ARG,1.11,0.45
125,VAL,0.01,0.02
126,HSD,0.06,0.24
127,ALA,0.22,0.15
128,PRO,0.17,0.19
129,SER,0.14,0.21
130,GLY,0.03,0.09
131,ARG,0.38,0.25
132,VAL,0.17,0.19
133,TYR,0.19,0.65
134,HSD,0.27,0.43
135,VAL,0.59,0.27
136,LYS(ac),1.95,0.62
137,PHE,0.2,0.58
138,ASN,0.34,1.05
139,PRO,0.33,0.39
140,PRO,0.17,0.4
141,LYS(ac),0.93,1.05
142,VAL,0.27,0.17
143,GLU,1.33,1.16
144,GLY,0.11,0.01
145,LYS(ac),0.54,0.46
146,ASP,0,0.01
147,ASP,0.37,0.45
148,VAL,0.07,0.06
149,THR,0.16,0.13
150,GLY,0.08,0.04
151,GLU,0.84,1.34
152,GLU,1.99,2.43
153,LEU,0.13,0.31
154,THR,0.23,0.49
155,THR,0.29,0.18
156,ARG,1.79,1.07
157,LYS(ac),0.91,0.93
158,ASP,0.62,0.34
159,ASP,0.51,0.03
160,GLN,0.6,0.4
161,GLU,1.11,0.81
162,GLU,1.6,0.68
163,THR,0.19,0.2
164,VAL,0,0.02
165,ARG,0.82,1.06
166,LYS,0.9,2.34
167,ARG,1.06,0.85
168,LEU,0.14,0.05
169,VAL,0.12,0.09
170,GLU,0.96,0.8
171,TYR,0.34,0.43
172,HSD,0.37,0.7
173,GLN,0.13,0.12
174,MET,0.15,0.19
175,THR,0.1,0.08
176,ALA,0.04,0.02
177,PRO,0.03,0.08
178,LEU,0,0
179,ILE,0.2,0.09
180,GLY,0.01,0.01
181,TYR,0.3,0.07
182,TYR,0.03,0.12
183,SER,0.07,0.05
184,LYS,1.08,0.7
185,GLU,0.14,0.03
186,ALA,0.07,0.01
187,GLU,1.3,0.53
188,ALA,0.08,0.08
189,GLY,0.08,0.09
190,ASN,0.42,0.26
191,THR,0.02,0.01
192,LYS(ac),1.04,0.14
193,TYR,0.19,0.09
194,ALA,0.02,0.01
195,LYS,0.57,0.82
196,VAL,0,0.08
197,ASP,0.37,0.32
198,GLY,0.05,0.02
199,THR,0.47,0.56
200,LYS,1.02,0.82
201,PRO,0.48,0.15
202,VAL,0.18,0.16
203,ALA,0.06,0.15
204,GLU,0.65,0.27
205,VAL,0.01,0.02
206,ARG,0.66,0.99
207,ALA,0.15,0.09
208,ASP,0.05,0.24
209,LEU,0,0.05
210,GLU,0.66,0.5
211,LYS(ac),0.43,0.48
212,ILE,0.06,0.11
213,LEU,0.08,0.12
214,GLY,1.25,1.5
