resid,residue,WT,AC
-2,LEU,1.07,1.22
-1,GLY,0.12,0.27
0,SER,0.43,0.48
1,MET,0.23,0.17
2,GLU,2.55,1.47
3,ASP,1.19,0.45
4,TYR,0.23,0.36
5,THR,0.2,0.16
6,LYS,0.94,0.76
7,ILE,0.26,0.07
8,GLU,1.33,0.75
9,LYS,1.29,1.13
10,ILE,0.72,0.4
11,GLY,0.06,0.12
12,GLU,0.95,1
13,GLY,0.04,0.06
14,THR,0.49,1.37
15,TYR,0.4,0.88
16,GLY,0.01,0.03
17,VAL,0.13,0.07
18,VAL,0.14,0.02
19,TYR,0.17,0.12
20,LYS,0.68,0.35
21,GLY,0,0
22,ARG,0.43,0.35
23,HSD,0.07,0.21
24,LYS,1.3,1.19
25,THR,0.19,0.11
26,THR,0.06,0.06
27,GLY,0.02,0.03
28,GLN,0.18,0.16
29,VAL,0.18,0.13
30,VAL,0.06,0.01
31,ALA,0.07,0.02
32,MET,0.05,0
33,LYS(ac),0.78,0.09
34,LYS,0.64,0.65
35,ILE,0.19,0.25
36,ARG,1.83,2.04
37,LEU,0.18,0.19
38,GLU,2.02,2.21
39,SER,0.27,0.44
40,GLU,1.52,1.69
41,GLU,1.65,1.73
42,GLU,1.48,1.67
43,GLY,0.15,0.18
44,VAL,0.05,0.1
45,PRO,0.86,0.75
46,SER,0.38,0.38
47,THR,0.21,0.18
48,ALA,0.03,0.02
49,ILE,0.04,0.07
50,ARG,0.37,0.44
51,GLU,0.22,0.24
52,ILE,0.02,0
53,SER,0.12,0.02
54,LEU,0,0
55,LEU,0.03,0.15
56,LYS,0.78,1
57,GLU,0.73,0.95
58,LEU,0.19,0.09
59,ARG,0.85,0.82
60,HSD,0.29,0.56
61,PRO,0.23,0.33
62,ASN,0.04,0.12
63,ILE,0.05,0.08
64,VAL,0.08,0.25
65,SER,0.14,0.31
66,LEU,0.02,0.05
67,GLN,0.26,0.36
68,ASP,0.86,0.81
69,VAL,0.11,0.12
70,LEU,0.12,0.04
71,MET,0.04,0.21
72,GLN,0.98,0.85
73,ASP,1.39,2.82
74,SER,0.61,0.27
75,ARG,1.39,2.02
76,LEU,0,0
77,TYR,0.06,0.02
78,LEU,0,0.02
79,ILE,0,0
80,PHE,0.06,0.04
81,GLU,0.17,0.16
82,PHE,0.69,0.46
83,LEU,0.08,0.19
84,SER,0.32,0.13
85,MET,0.06,0.2
86,ASP,0.24,0.17
87,LEU,0,0.01
88,LYS,0.71,1.08
89,LYS,0.86,1
90,TYR,0.09,0.15
91,LEU,0.18,0.09
92,ASP,0.67,0.66
93,SER,0.1,0.28
94,ILE,0.12,0.24
95,PRO,0.02,0.1
96,PRO,0.14,0.03
97,GLY,0.07,0.13
98,GLN,0.2,0.42
99,TYR,0.94,1.05
100,MET,0.15,0.45
101,ASP,0.68,0.81
102,SER,0.37,0.33
103,SER,0.15,0.12
104,LEU,0.11,0.25
105,VAL,0.01,0.05
106,LYS,0.26,0.48
107,SER,0.06,0.1
108,TYR,0.05,0.13
109,LEU,0,0.14
110,TYR,0.37,0.46
111,GLN,0.12,0.06
112,ILE,0.01,0.02
113,LEU,0,0.02
114,GLN,0.19,0.37
115,GLY,0,0.03
116,ILE,0.02,0.08
117,VAL,0.05,0.13
118,PHE,0.1,0.34
119,CYS,0.03,0
120,HSD,0.54,0.67
121,SER,0.12,0.08
122,ARG,0.68,0.82
123,ARG,0.99,0.67
124,VAL,0.12,0.03
125,LEU,0.07,0.05
126,HSD,0.05,0.49
127,ARG,0.52,0.46
128,ASP,0.32,0.72
129,LEU,0.17,0.45
130,LYS,0.53,0.56
131,PRO,0.01,0.01
132,GLN,0.62,0.31
133,ASN,0.09,0.19
134,LEU,0,0
135,LEU,0.08,0.12
136,ILE,0.01,0
137,ASP,0.17,0.34
138,ASP,0.7,0.43
139,LYS,0.92,0.69
140,GLY,0.07,0.04
141,THR,0.43,0.33
142,ILE,0.04,0
143,LYS,0.23,0.79
144,LEU,0.01,0.11
145,ALA,0.01,0.31
146,ASP,0.72,0.93
147,PHE,0.12,0.13
148,GLY,0,0.1
149,LEU,0.1,0.37
150,ALA,0,0
151,ARG,0.63,0.94
152,ALA,0,0
153,PHE,0.21,0.31
154,GLY,0.05,0.09
155,ILE,0.05,0.02
156,PRO,0.04,0.05
157,ILE,0,0.02
158,ARG,0.68,1.35
159,VAL,0.57,0.34
160,TYR,1.2,0.75
161,THR,0.18,0.16
162,HSD,2.23,1.59
163,GLU,0.74,1.23
164,VAL,0.29,0.11
165,VAL,0.62,0.49
166,THR,0.11,0.07
167,LEU,0.67,0.21
168,TRP,1.07,0.59
169,TYR,0.41,0.12
170,ARG,0.94,0.56
171,SER,0.16,0.01
172,PRO,0,0.03
173,GLU,0.15,0.03
174,VAL,0.32,0.14
175,LEU,0.02,0.02
176,LEU,0,0
177,GLY,0.11,0.19
178,SER,0.22,0.12
179,ALA,0.45,0.66
180,ARG,2.15,2.33
181,TYR,0.76,0.8
182,SER,0.72,0.26
183,THR,0.43,0.19
184,PRO,0.23,0.31
185,VAL,0.47,0.17
186,ASP,0.04,0.18
187,ILE,0.04,0.15
188,TRP,0.13,0.05
189,SER,0.07,0.15
190,ILE,0,0.22
191,GLY,0,0.01
192,THR,0.12,0
193,ILE,0,0.03
194,PHE,0,0.3
195,ALA,0,0.03
196,GLU,0.19,0.16
197,LEU,0.03,0.13
198,ALA,0.01,0.06
199,THR,0.08,0.02
200,LYS,0.5,0.86
201,LYS,2.24,1.5
202,PRO,0.25,0.41
203,LEU,0.32,0.19
204,PHE,0.12,0.11
205,HSD,0.61,0.59
206,GLY,0.03,0.01
207,ASP,1.18,1.02
208,SER,0.11,0.07
209,GLU,0.85,0.64
210,ILE,0.08,0.06
211,ASP,0.06,0.22
212,GLN,0.03,0.04
213,LEU,0,0.05
214,PHE,0.06,0.08
215,ARG,0.79,1.07
216,ILE,0.04,0.02
217,PHE,0.05,0.03
218,ARG,0.9,1.2
219,ALA,0.04,0.01
220,LEU,0.21,0.06
221,GLY,0,0.01
222,THR,0.19,0.07
223,PRO,0.02,0.16
224,ASN,0.69,0.75
225,ASN,0.47,0.55
226,GLU,1.02,0.98
227,VAL,0.16,0.39
228,TRP,0.07,0.28
229,PRO,0.48,0.37
230,GLU,0.76,1.49
231,VAL,0,0.02
232,GLU,1.17,0.68
233,SER,0.45,0.23
234,LEU,0.2,0.13
235,GLN,0.85,1.04
236,ASP,0.51,0.51
237,TYR,0.2,0.11
238,LYS,1.38,0.94
239,ASN,1.08,0.74
240,THR,0.07,0.05
241,PHE,0.14,0.08
242,PRO,0.11,0.01
243,LYS,0.57,1.09
244,TRP,0.35,0.14
245,LYS,1.14,1.01
246,PRO,0.24,0.21
247,GLY,0.15,0.08
248,SER,0.27,0.19
249,LEU,0.18,0.07
250,ALA,0.01,0.2
251,SER,0.25,0.2
252,HSD,0.28,0.51
253,VAL,0,0.1
254,LYS,0.89,1.4
255,ASN,0.43,0.5
256,LEU,0.23,0.31
257,ASP,0.8,0.93
258,GLU,1.54,0.87
259,ASN,0.13,0.68
260,GLY,0,0.03
261,LEU,0.11,0.1
262,ASP,0.42,0.43
263,LEU,0.08,0.03
264,LEU,0,0.04
265,SER,0.05,0.13
266,LYS,0.33,0.35
267,MET,0,0.12
268,LEU,0.02,0.01
269,ILE,0.33,0.1
270,TYR,0.09,0.3
271,ASP,0.38,0.03
272,PRO,0.19,0.59
273,ALA,0.38,0.29
274,LYS,1.28,0.64
275,ARG,0.33,0.11
276,ILE,0.16,0.13
277,SER,0.22,0.4
278,GLY,0.01,0.02
279,LYS,0.7,0.77
280,MET,0.07,0.06
281,ALA,0,0
282,LEU,0.07,0.05
283,ASN,0.45,0.45
284,HSD,0.24,0.1
285,PRO,0.15,0.55
286,TYR,0.47,0.57
287,PHE,0.31,0.15
288,ASN,0.33,1.16
289,ASP,1.04,3.1
